"video_id","creator","video_url","source_time_s","scene","cut_type","camera_scale","subtitle_style","asset","visible_text","observed_or_inferred","evidence_source","note"
"R01","Nik Setting","https://www.instagram.com/p/DdmaEGJgp9M/","4–5.5","REOBSERVACION_2026_09_29","CAMBIO_PERSPECTIVA","medio a detalle tablet","blanco pequeño","tablet física","","VIDEO_VISUALIZADO/OBSERVADO","Watch local; watch-bwk1ak2_; cue_0000..0003 vistos; tiempos solicitados 4/4.5/5/5.5","Nueva PC: cambia perspectiva y orientación relativa de fondo/tablet. No se demuestra zoom digital. Sin captions ni escucha completa."
"R05","Ramiro Cubría","https://www.instagram.com/p/DdxoP4PT1Fl/","69–71","REOBSERVACION_2026_09_29","TARJETA_A_CAMARA","tarjeta y expositor","texto propio del referente","caso presentado","DENTISTAS","VIDEO_VISUALIZADO/OBSERVADO","Watch local; watch-e8h7l23k; cue_0000..0002 vistos; tiempos solicitados 69/70/71","Tarjeta ya visible a69 y70; cámara a71. Acota mejor evidencia anterior; no valida resultados del autor."
"R07","Marcos Razzetti","https://www.instagram.com/p/Dd0Q7aNNLxs/","","REINTENTO_2026_09_29","","","","","","NO_ACCESIBLE","Watch local; watch-v4dr3l6g; yt-dlp 2026.8.19","Un intento de Watch, sin cookies/Apify: Instagram empty media response. Sin cuadros ni nueva evidencia visual."
"R08","Marcos Razzetti","https://www.instagram.com/p/Ddwbf0olAiR/","","REINTENTO_2026_09_29","","","","","","NO_ACCESIBLE","Watch local; watch-m1y7s485; yt-dlp 2026.8.19","Un intento de Watch, sin cookies/Apify: Instagram empty media response. Sin cuadros ni nueva evidencia visual."
"T01","HillierSmith","https://www.youtube.com/watch?v=XIVSa3wo0JU","","REGISTRO_VIDEO","","","","","","VIDEO_VISUALIZADO","Watch local: informe de metadata y cobertura","duracion_s=670; 5 cuadros puntuales revisados; captions en; otros 55 cuadros iniciales no se usan como evidencia."
"T02","HillierSmith","https://www.youtube.com/watch?v=QR8LxximqWI","","REGISTRO_VIDEO","","","","","","VIDEO_VISUALIZADO","Watch local: informe de metadata y cobertura","duracion_s=350; 100 cuadros balanced revisados; captions iniciales árabes no utilizados; captions en 429; ASR base local inglés."
"T03","Tim Runia","https://www.youtube.com/watch?v=dhpazqW_OaU","","REGISTRO_VIDEO","","","","","","VIDEO_VISUALIZADO","Watch local: informe de metadata y cobertura","duracion_s=755; 100 cuadros balanced revisados; captions en-US."
"T04","Think Media","https://www.youtube.com/watch?v=LcGsaIV8QBY","","REGISTRO_VIDEO","","","","","","SOLO_TRANSCRIPT","Watch local: informe de metadata y cobertura","duracion_s=2112; Captions en; capítulos seleccionados; sin observación visual."
"T05","Think Media","https://www.youtube.com/watch?v=ReYsGTwHHcw","","REGISTRO_VIDEO","","","","","","VIDEO_VISUALIZADO","Watch local: informe de metadata y cobertura","duracion_s=1354; 100 cuadros balanced revisados; captions en; no reproducción continua."
"T06","Ben Marriott","https://www.youtube.com/watch?v=HH0VBOyht0E","","REGISTRO_VIDEO","","","","","","VIDEO_VISUALIZADO","Watch local: informe de metadata y cobertura","duracion_s=353; 100 cuadros balanced revisados; captions en."
"T07","Ben Marriott","https://www.youtube.com/watch?v=UVDpgP7sRbw","","REGISTRO_VIDEO","","","","","","VIDEO_VISUALIZADO","Watch local: informe de metadata y cobertura","duracion_s=669; 100 cuadros balanced y 7 cues revisados; captions en; muestreo inicial omitió 02:19–10:02."
"T08","Motion Mirror","https://www.youtube.com/watch?v=hu06BPmKf2s","","REGISTRO_VIDEO","","","","","","VIDEO_VISUALIZADO","Watch local: informe de metadata y cobertura","duracion_s=600; 37 cuadros balanced revisados; captions en; intervalos entre cuadros no vistos."
"T09","TomsProject","https://www.youtube.com/watch?v=Jccbzpicst8","","REGISTRO_VIDEO","","","","","","VIDEO_VISUALIZADO","Watch local: informe de metadata y cobertura","duracion_s=2257; 100 cuadros balanced revisados; captions en; sólo principios UI pertinentes."
"T10","Ben Marriott","https://www.youtube.com/watch?v=jFbRZZmMW7c","","REGISTRO_VIDEO","","","","","","SOLO_TRANSCRIPT","Watch local: informe de metadata y cobertura","duracion_s=3521; Captions en; keyframes/máscaras/easing; sin observación visual."
"R01","Nik Setting","https://www.instagram.com/p/DdmaEGJgp9M/","","REGISTRO_VIDEO","","","","","","VIDEO_VISUALIZADO","Watch local: informe de metadata y cobertura","duracion_s=79.1; 60 cuadros A + 7 B + 9 C revisados; 960x720; ASR local en; al menos 8 cambios de encuadre rostro/tablet (aproximado); no equivale a 8 cortes."
"R02","Nik Setting","https://www.instagram.com/p/DdmabEwgFl-/","","REGISTRO_VIDEO","","","","","","VIDEO_VISUALIZADO","Watch local: informe de metadata y cobertura","duracion_s=57.5; 40 A + 7 B + 9 C; 960x720; ASR en; al menos 6 cambios rostro/tablet aproximados; movimientos intermedios visibles."
"R03","Alex Hormozi","https://www.instagram.com/p/DdzUCVmBf2f/","","REGISTRO_VIDEO","","","","","","VIDEO_VISUALIZADO","Watch local: informe de metadata y cobertura","duracion_s=100.4; 60 A + 7 B + 9 C; 360x640; ASR en; mínimo 4 cambios de ángulo en muestras; microcortes desconocidos."
"R04","Alex Hormozi","https://www.instagram.com/p/DdzXUhQhRZH/","","REGISTRO_VIDEO","","","","","","VIDEO_VISUALIZADO","Watch local: informe de metadata y cobertura","duracion_s=81.5; 12 A + 7 B + 9 C; 360x640; ASR en; entrevista. Cambios de interlocutor y ángulo; total exacto desconocido."
"R05","Ramiro Cubría","https://www.instagram.com/p/DdxoP4PT1Fl/","","REGISTRO_VIDEO","","","","","","VIDEO_VISUALIZADO","Watch local: informe de metadata y cobertura","duracion_s=81.3; 24 A + 7 B + 13 C; 960x720; ASR es; al menos dos pasos cámara/tarjeta/cámara; flashes no se cuentan como cortes de cámara."
"R06","Ramiro Cubría","https://www.instagram.com/p/DdwXEupTZuI/","","REGISTRO_VIDEO","","","","","","VIDEO_VISUALIZADO","Watch local: informe de metadata y cobertura","duracion_s=115.9; 60 A + 7 B + 9 C; 1080x1920; ASR es; 0 cambios de ángulo confirmados; no demuestra ausencia de jump cuts."
"R07","Marcos Razzetti","https://www.instagram.com/p/Dd0Q7aNNLxs/","","REGISTRO_VIDEO","","","","","","NO_ACCESIBLE","Watch local: error de acceso; JSON proporcionado","duracion_s=NO_VERIFICADA; Instagram empty media response; 32.88s sólo metadata Apify del JSON; falta MP4 R07."
"R08","Marcos Razzetti","https://www.instagram.com/p/Ddwbf0olAiR/","","REGISTRO_VIDEO","","","","","","NO_ACCESIBLE","Watch local: error de acceso; JSON proporcionado","duracion_s=NO_VERIFICADA; Instagram empty media response; 149.33s sólo metadata Apify del JSON; falta MP4 R08."
"R09","Tomi Buschiazzo","https://www.youtube.com/watch?v=_apNIqr5VZE","","REGISTRO_VIDEO","","","","","","VIDEO_VISUALIZADO","Watch local: informe de metadata y cobertura","duracion_s=1914.3; 93 A + 7 B + 8 C revisados; 1280x720; captions es; relato largo; muestreo sesgado a flashes; total cortes desconocido."
"R10","Tomi Buschiazzo","https://www.tomibuschiazzo.com/pr","","REGISTRO_VIDEO","","","","","","NO_ACCESIBLE","Watch local: error de acceso; JSON proporcionado","duracion_s=NO_VERIFICADA; SSL hostname mismatch para www.tomibuschiazzo.com; reproducción VSL no verificada. Falta MP4 o Reel exacto verificado; no se inventó sustituto."
"R01","Nik Setting","https://www.instagram.com/p/DdmaEGJgp9M/","0","Hook en sofá","NO_DETERMINADO","medio amplio horizontal","blanco pequeño central","tablet física","if you think about switching markets","VIDEO_VISUALIZADO/OBSERVADO","Watch local --timestamps 0,0.5,1,2,3,4,5; cue_0000..0006; tiempo solicitado; referentes/R01: cue_0000.jpg; etiqueta=0s; SHA256-prefix=33cb9dab53c1ddae","Tablet presente desde inicio; no es overlay."
"R01","Nik Setting","https://www.instagram.com/p/DdmaEGJgp9M/","2","Promesa de refutación","","medio","una línea central","","let me prove you why you're wrong","VIDEO_VISUALIZADO/OBSERVADO","Watch local --timestamps 0,0.5,1,2,3,4,5; cue_0000..0006; tiempo solicitado; referentes/R01: cue_0003.jpg; etiqueta=2s; SHA256-prefix=1c6037160acd76ba","7 palabras; evidencia de texto quemado, no prueba de eficacia."
"R01","Nik Setting","https://www.instagram.com/p/DdmaEGJgp9M/","4","Rostro y tablet","MOVIMIENTO_POSIBLE","medio a detalle","blanco central","tablet","you currently have an audience","VIDEO_VISUALIZADO/OBSERVADO","Watch local --detail transcript --timestamps; cuadros C antes/después; tiempos solicitados; followup/R01: cue_0000.jpg; etiqueta=4s; SHA256-prefix=059bec801133527a","C 4/4.5/5/5.5 muestra acercamiento hacia tablet: no atribuir zoom digital ni corte."
"R01","Nik Setting","https://www.instagram.com/p/DdmaEGJgp9M/","5.5","Detalle de diagrama","","detalle","blanco sobre imagen","tablet TAM","","VIDEO_VISUALIZADO/OBSERVADO","Watch local --detail transcript --timestamps; cuadros C antes/después; tiempos solicitados; followup/R01: cue_0003.jpg; etiqueta=6s; SHA256-prefix=d7f93fcd0155505e","Primera ampliación auxiliar confirmada a 5.5; tablet ya visible antes."
"R01","Nik Setting","https://www.instagram.com/p/DdmaEGJgp9M/","18","Esquema vuelve a primer término","CAMBIO_ENCUADRE","detalle","blanco pequeño","tablet","","VIDEO_VISUALIZADO/OBSERVADO","Watch local: cuadro A/B; tiempo de etiqueta aproximado; referentes/R01: frame_0015.jpg; etiqueta=18s; SHA256-prefix=8363fb8b4badc42a","Muestras 18–20; a 21 vuelve rostro; transición exacta no visible."
"R01","Nik Setting","https://www.instagram.com/p/DdmaEGJgp9M/","32","Propone prueba","MOVIMIENTO_POSIBLE","medio","blanco","tablet","now how can we prove this","VIDEO_VISUALIZADO/OBSERVADO","Watch local --detail transcript --timestamps; cuadros C antes/después; tiempos solicitados; followup/R01: cue_0004.jpg; etiqueta=32s; SHA256-prefix=f2a4554cad62d742","A 33–34 vista superior de tablet; correlación semántica con demostración."
"R01","Nik Setting","https://www.instagram.com/p/DdmaEGJgp9M/","47","Cálculo en tablet","","detalle","blanco","diagrama manuscrito","","VIDEO_VISUALIZADO/OBSERVADO","Watch local: cuadro A/B; tiempo de etiqueta aproximado; referentes/R01: frame_0037.jpg; etiqueta=47s; SHA256-prefix=7897bff410d0b1aa","Muestras 47–50; cifras requieren cautela; no evidencia de resultado comercial."
"R01","Nik Setting","https://www.instagram.com/p/DdmaEGJgp9M/","70","Conclusión a cámara","","medio","blanco","","you have a confidence problem","VIDEO_VISUALIZADO/OBSERVADO","Watch local --detail transcript --timestamps; cuadros C antes/después; tiempos solicitados; followup/R01: cue_0008.jpg; etiqueta=70s; SHA256-prefix=45ec32a793fb45b0","Sin apoyo nuevo en cuadro; diagnóstico del autor, no validado."
"R01","Nik Setting","https://www.instagram.com/p/DdmaEGJgp9M/","0","Primer enunciado y promesa","","","","","","SOLO_TRANSCRIPT/ASR","faster-whisper base en 0–2.76; contrastado con texto B","Plantea cambiar de mercado y promete refutarlo (0–2.76). ASR confundió TAM con tab; no usar ASR para cifras sin contraste."
"R02","Nik Setting","https://www.instagram.com/p/DdmabEwgFl-/","0","Pregunta sobre crear contenido","","medio horizontal","blanco pequeño centro","tablet física","what do I have in mind","VIDEO_VISUALIZADO/OBSERVADO","Watch local --timestamps 0,0.5,1,2,3,4,5; cue_0000..0006; tiempo solicitado; referentes/R02: cue_0000.jpg; etiqueta=0s; SHA256-prefix=ba75b1b138034b29","Tablet dentro de toma inicial; primer detalle dominante C15."
"R02","Nik Setting","https://www.instagram.com/p/DdmabEwgFl-/","5","Explica método inverso","","medio","blanco","","I reverse engineer","VIDEO_VISUALIZADO/OBSERVADO","Watch local --timestamps 0,0.5,1,2,3,4,5; cue_0000..0006; tiempo solicitado; referentes/R02: cue_0006.jpg; etiqueta=5s; SHA256-prefix=fc768b4b5ea6fb68","Narrativa de método; no resultado demostrado."
"R02","Nik Setting","https://www.instagram.com/p/DdmabEwgFl-/","14","Del rostro al dibujo","MOVIMIENTO_POSIBLE","medio→detalle","blanco","tablet BOF","","VIDEO_VISUALIZADO/OBSERVADO","Watch local --detail transcript --timestamps; cuadros C antes/después; tiempos solicitados; followup/R02: cue_0000.jpg; etiqueta=14s; SHA256-prefix=4a825f8b039a3128","C14 rostro;15/16/17 tablet; una aproximación física es compatible con cuadros; no zoom de edición probado."
"R02","Nik Setting","https://www.instagram.com/p/DdmabEwgFl-/","23","Diagrama de etapas","","detalle","blanco","tablet","","VIDEO_VISUALIZADO/OBSERVADO","Watch local: cuadro A/B; tiempo de etiqueta aproximado; referentes/R02: frame_0017.jpg; etiqueta=23s; SHA256-prefix=b62b2efa75310928","Detalle en muestras23–32; el intervalo no demuestra continuidad completa."
"R02","Nik Setting","https://www.instagram.com/p/DdmabEwgFl-/","32","Vuelta al expositor","MOVIMIENTO_POSIBLE","detalle→medio","blanco","","and that is the strategy","VIDEO_VISUALIZADO/OBSERVADO","Watch local --detail transcript --timestamps; cuadros C antes/después; tiempos solicitados; followup/R02: cue_0004.jpg; etiqueta=32s; SHA256-prefix=ab70e8a5e5e2b949","C32 borroso;33/34 medio. No llamarlo corte limpio."
"R02","Nik Setting","https://www.instagram.com/p/DdmabEwgFl-/","55","Última referencia al dibujo","CAMBIO_ENCUADRE","detalle→medio","blanco","tablet","","VIDEO_VISUALIZADO/OBSERVADO","Watch local --detail transcript --timestamps; cuadros C antes/después; tiempos solicitados; followup/R02: cue_0007.jpg; etiqueta=55s; SHA256-prefix=4ef4613256a61113","C55 detalle,56 rostro. Duración del apoyo no exacta."
"R02","Nik Setting","https://www.instagram.com/p/DdmabEwgFl-/","11.78","Estructura argumental","","","","","","SOLO_TRANSCRIPT/ASR","faster-whisper base en","ASR: idea que quiere cliente 11.78–18.10; analogía18.54–26.28; ampliar alcance26.28–34.60; cierre53.44–57.04 agradecimiento."
"R03","Alex Hormozi","https://www.instagram.com/p/DdzUCVmBf2f/","0","Pregunta editorial + anécdota","","primer plano vertical","blanco frase y título rojo","placa título","WHY DOES WINNING FEEL SO EMPTY?","VIDEO_VISUALIZADO/OBSERVADO","Watch local --timestamps 0,0.5,1,2,3,4,5; cue_0000..0006; tiempo solicitado; referentes/R03: cue_0000.jpg; etiqueta=0s; SHA256-prefix=fe3c6af702862571","6 palabras del título; aparece0–10 muestreado y ausente12: salida entre10–12, no duración exacta."
"R03","Alex Hormozi","https://www.instagram.com/p/DdzUCVmBf2f/","0.5","Inicio de anécdota","","primer plano","blanco breve","","was talking to","VIDEO_VISUALIZADO/OBSERVADO","Watch local --timestamps 0,0.5,1,2,3,4,5; cue_0000..0006; tiempo solicitado; referentes/R03: cue_0001.jpg; etiqueta=0s; SHA256-prefix=d85fe4e229453f4d","ASR0–2.94 empresario exitoso; promesa inferida del título."
"R03","Alex Hormozi","https://www.instagram.com/p/DdzUCVmBf2f/","44.5","Cierra punto uno","CORTE_ENTRE_ANGULOS","primer plano frontal","blanco","","one that's okay","VIDEO_VISUALIZADO/OBSERVADO","Watch local --detail transcript --timestamps; cuadros C antes/después; tiempos solicitados; followup/R03: cue_0001.jpg; etiqueta=44s; SHA256-prefix=99f2ab7152141bf8","A45 aparece perfil con fondo naranja y punto dos; corte dentro de44.5–45, no zoom."
"R03","Alex Hormozi","https://www.instagram.com/p/DdzUCVmBf2f/","45","Segundo punto","CORTE_ENTRE_ANGULOS","perfil cercano","blanco","","2 it's not satisfying","VIDEO_VISUALIZADO/OBSERVADO","Watch local --detail transcript --timestamps; cuadros C antes/después; tiempos solicitados; followup/R03: cue_0002.jpg; etiqueta=45s; SHA256-prefix=543458742177df72","Cambio de ángulo coincide con enumeración; no establece causalidad de retención."
"R03","Alex Hormozi","https://www.instagram.com/p/DdzUCVmBf2f/","61","Antes de vuelta frontal","CORTE_ENTRE_ANGULOS","perfil cercano","blanco","","rewarding","VIDEO_VISUALIZADO/OBSERVADO","Watch local --detail transcript --timestamps; cuadros C antes/después; tiempos solicitados; followup/R03: cue_0005.jpg; etiqueta=61s; SHA256-prefix=d8e1c8bfac98d0e2","61 perfil naranja;62 frontal azul."
"R03","Alex Hormozi","https://www.instagram.com/p/DdzUCVmBf2f/","94","Conclusión y escala media","CAMBIO_ANGULO_ESCALA","medio lateral","blanco","","I would say","VIDEO_VISUALIZADO/OBSERVADO","Watch local --detail transcript --timestamps; cuadros C antes/después; tiempos solicitados; followup/R03: cue_0007.jpg; etiqueta=94s; SHA256-prefix=d052a7d8994207eb","C94 medio lateral;95 medio frontal. Transición a escala media ocurrió antes o en94; zoom digital no demostrable."
"R03","Alex Hormozi","https://www.instagram.com/p/DdzUCVmBf2f/","94.06","Conclusión sin CTA promocional","","","","","","SOLO_TRANSCRIPT/ASR","faster-whisper base en","ASR94.06–100.28: elegir conscientemente el coste de competir. No CTA de comentar en la transcripción."
"R04","Alex Hormozi","https://www.instagram.com/p/DdzXUhQhRZH/","0","Pregunta de entrevista","","medio vertical","amarillo + rojo","placa título","WILL AI REPLACE ALL OF US?","VIDEO_VISUALIZADO/OBSERVADO","Watch local --timestamps 0,0.5,1,2,3,4,5; cue_0000..0006; tiempo solicitado; referentes/R04: cue_0000.jpg; etiqueta=0s; SHA256-prefix=aa9787521212363b","6 palabras; entrevistador. Placa visible hasta14 y ausente18; auxiliar ya al0."
"R04","Alex Hormozi","https://www.instagram.com/p/DdzXUhQhRZH/","13","Fin de pregunta","CORTE_INTERLOCUTOR","medio","amarillo","","the value?","VIDEO_VISUALIZADO/OBSERVADO","Watch local --detail transcript --timestamps; cuadros C antes/después; tiempos solicitados; followup/R04: cue_0002.jpg; etiqueta=13s; SHA256-prefix=9fe2c6850fafc170","C13 entrevistador;13.5 Hormozi respuesta en blanco. La etiqueta A13 redondea otro instante."
"R04","Alex Hormozi","https://www.instagram.com/p/DdzXUhQhRZH/","13.5","Respuesta sobre responsabilidad","CORTE_INTERLOCUTOR","medio","blanco","placa título","I think stakes","VIDEO_VISUALIZADO/OBSERVADO","Watch local --detail transcript --timestamps; cuadros C antes/después; tiempos solicitados; followup/R04: cue_0003.jpg; etiqueta=14s; SHA256-prefix=74b800573fd7a1bb","Coherencia con cambio de voz ASR13.50; no zoom."
"R04","Alex Hormozi","https://www.instagram.com/p/DdzXUhQhRZH/","27","Respuesta a reacción","CORTE_INTERLOCUTOR","medio","blanco→amarillo","","to be responsible","VIDEO_VISUALIZADO/OBSERVADO","Watch local --detail transcript --timestamps; cuadros C antes/después; tiempos solicitados; followup/R04: cue_0005.jpg; etiqueta=27s; SHA256-prefix=2fa068387279e8c4","27 Hormozi;28 entrevistador; siguiente muestra30 Hormozi."
"R04","Alex Hormozi","https://www.instagram.com/p/DdzXUhQhRZH/","47","Ejemplo ajedrez","CAMBIO_ESCALA_POSIBLE","medio","blanco","","there'd be no stakes","VIDEO_VISUALIZADO/OBSERVADO","Watch local --detail transcript --timestamps; cuadros C antes/después; tiempos solicitados; followup/R04: cue_0007.jpg; etiqueta=47s; SHA256-prefix=e83fab60007969e0","C47 Hormozi;48 también Hormozi más amplio. No es cambio de interlocutor: corrige lectura preliminar."
"R04","Alex Hormozi","https://www.instagram.com/p/DdzXUhQhRZH/","33.52","Ejemplos y conclusión","","","","","","SOLO_TRANSCRIPT/ASR","faster-whisper base en","ASR33.52–46.88 dinero real en medios;47.36–54.14 ajedrez;64.58–81.34 juicio y riesgo. Opiniones del entrevistado, no prueba externa."
"R05","Ramiro Cubría","https://www.instagram.com/p/DdxoP4PT1Fl/","0","Hook con goma entre manos","","medio horizontal","tipografía superior grande","","SI","VIDEO_VISUALIZADO/OBSERVADO","Watch local --timestamps 0,0.5,1,2,3,4,5; cue_0000..0006; tiempo solicitado; referentes/R05: cue_0000.jpg; etiqueta=0s; SHA256-prefix=71a7344e6f48b077","A0 comienza titular; no es video en auto."
"R05","Ramiro Cubría","https://www.instagram.com/p/DdxoP4PT1Fl/","1","Hook acumulativo","","medio","grande superior verde/blanco","","SI TU CUENTA DE INSTAGRAM","VIDEO_VISUALIZADO/OBSERVADO","Watch local --timestamps 0,0.5,1,2,3,4,5; cue_0000..0006; tiempo solicitado; referentes/R05: cue_0002.jpg; etiqueta=1s; SHA256-prefix=426e48aa390b1893","5 palabras visibles; el título cambia rápido."
"R05","Ramiro Cubría","https://www.instagram.com/p/DdxoP4PT1Fl/","1.5","Primer efecto auxiliar","","medio","titular naranja","franja metálica","","VIDEO_VISUALIZADO/OBSERVADO","Watch local --detail transcript --timestamps; cuadros C antes/después; tiempos solicitados; followup/R05: cue_0001.jpg; etiqueta=2s; SHA256-prefix=ffeaaf0ee5c6e3b2","Auxiliar presente ya a1.5; a1 no se observa. Inicio acotado(1,1.5], no2s exactos."
"R05","Ramiro Cubría","https://www.instagram.com/p/DdxoP4PT1Fl/","3","Promesa cuantificada","","medio","amarillo superior","imagen robot","5 llamadas","VIDEO_VISUALIZADO/OBSERVADO","Watch local --detail transcript --timestamps; cuadros C antes/después; tiempos solicitados; followup/R05: cue_0004.jpg; etiqueta=3s; SHA256-prefix=81a39e5862350a84","Imagen de tercero sólo estudiada; no reutilizada."
"R05","Ramiro Cubría","https://www.instagram.com/p/DdxoP4PT1Fl/","16","Inicio del desarrollo","FLASH_NO_PRUEBA_CORTE","medio","blanco corto","destello","","VIDEO_VISUALIZADO/OBSERVADO","Watch local: cuadro A/B; tiempo de etiqueta aproximado; referentes/R05: frame_0009.jpg; etiqueta=16s; SHA256-prefix=6e9af306db3da7ac","Muestra flash al inicio de Primero; sesgo del detector de escenas."
"R05","Ramiro Cubría","https://www.instagram.com/p/DdxoP4PT1Fl/","43","Desarrollo de estrategia","","medio","blanco inferior","figura auxiliar","","VIDEO_VISUALIZADO/OBSERVADO","Watch local: cuadro A/B; tiempo de etiqueta aproximado; referentes/R05: frame_0014.jpg; etiqueta=43s; SHA256-prefix=8b2fd01d3e5c3825","Una figura aparece en muestra43; duración desconocida."
"R05","Ramiro Cubría","https://www.instagram.com/p/DdxoP4PT1Fl/","66","Antes de ejemplo de cliente","","medio","blanco inferior","","llamadas por día","VIDEO_VISUALIZADO/OBSERVADO","Watch local --detail transcript --timestamps; cuadros C antes/después; tiempos solicitados; followup/R05: cue_0007.jpg; etiqueta=66s; SHA256-prefix=854c1f6768819609","C66 expositor; tarjeta detectada luego; no afirmar que tarjeta empezó66."
"R05","Ramiro Cubría","https://www.instagram.com/p/DdxoP4PT1Fl/","70","Caso presentado por autor","INSERTO_GRAFICO","tarjeta ocupa cuadro","texto de tarjeta","testimonio/screenshot","DENTISTAS","VIDEO_VISUALIZADO/OBSERVADO","Watch local --detail transcript --timestamps; cuadros C antes/después; tiempos solicitados; followup/R05: cue_0008.jpg; etiqueta=70s; SHA256-prefix=76300271fd9b75aa","Tarjeta a70; a71 regresa cámara. Inicio entre66–70; no resultado verificado independientemente."
"R05","Ramiro Cubría","https://www.instagram.com/p/DdxoP4PT1Fl/","71","Retorno a cámara","CORTE_RETORNO","medio","blanco inferior","","redireccionados","VIDEO_VISUALIZADO/OBSERVADO","Watch local --detail transcript --timestamps; cuadros C antes/después; tiempos solicitados; followup/R05: cue_0009.jpg; etiqueta=71s; SHA256-prefix=52c24d8c50fc488d","Vuelta desde tarjeta observada70→71."
"R05","Ramiro Cubría","https://www.instagram.com/p/DdxoP4PT1Fl/","78","CTA para comentar","","medio","superior blanco/naranja + inferior","texto CTA","Comentá 500","VIDEO_VISUALIZADO/OBSERVADO","Watch local --detail transcript --timestamps; cuadros C antes/después; tiempos solicitados; followup/R05: cue_0012.jpg; etiqueta=78s; SHA256-prefix=0df7fcd956d66743","Visible78; ASR77.16–81.22 ofrece curso; ASR transcribe mal comenta."
"R05","Ramiro Cubría","https://www.instagram.com/p/DdxoP4PT1Fl/","12.08","Promesa de solución","","","","","","SOLO_TRANSCRIPT/ASR","faster-whisper base es12.08–16.24;61.98–66.06","Promete mostrar solución en30 segundos; desarrollo termina después. No adoptar garantía de5 llamadas/día ni ingresos declarados."
"R06","Ramiro Cubría","https://www.instagram.com/p/DdwXEupTZuI/","0","Respuesta a comentario desde auto","","medio vertical","comentario arriba; sin subtítulo de voz inicial","burbuja comentario","Y hacen puros reels horizontales jajajaja","VIDEO_VISUALIZADO/OBSERVADO","Watch local --timestamps 0,0.5,1,2,3,4,5; cue_0000..0006; tiempo solicitado; referentes/R06: cue_0000.jpg; etiqueta=0s; SHA256-prefix=4ffb21467257753b","6 palabras en comentario; etiqueta del autor adicional. Primer auxiliar ya0."
"R06","Ramiro Cubría","https://www.instagram.com/p/DdwXEupTZuI/","5","Gestos sin nueva cámara","","medio vertical","etiqueta superior","comentario","","VIDEO_VISUALIZADO/OBSERVADO","Watch local --timestamps 0,0.5,1,2,3,4,5; cue_0000..0006; tiempo solicitado; referentes/R06: cue_0006.jpg; etiqueta=5s; SHA256-prefix=97fb5fe11f5a3457","Todos cuadros B mantienen punto de vista frontal."
"R06","Ramiro Cubría","https://www.instagram.com/p/DdwXEupTZuI/","15","Comentario aún visible","","medio","2 líneas inferiores","comentario","","VIDEO_VISUALIZADO/OBSERVADO","Watch local --detail transcript --timestamps; cuadros C antes/después; tiempos solicitados; followup/R06: cue_0001.jpg; etiqueta=15s; SHA256-prefix=c29a8e3baab96f24","C15 visible,16 ausente: salida(15,16]; no duración15 exacta."
"R06","Ramiro Cubría","https://www.instagram.com/p/DdwXEupTZuI/","16","Desaparece comentario","","medio","blanco contorneado inferior","","A ver el problema es que","VIDEO_VISUALIZADO/OBSERVADO","Watch local --detail transcript --timestamps; cuadros C antes/después; tiempos solicitados; followup/R06: cue_0002.jpg; etiqueta=16s; SHA256-prefix=9776dd8e8b824379","Permanece etiqueta superior; no corte de cámara comprobado."
"R06","Ramiro Cubría","https://www.instagram.com/p/DdwXEupTZuI/","83","Conclusión enfatizada con gesto","","medio","blanco inferior2líneas","","Realmente no hay un secreto","VIDEO_VISUALIZADO/OBSERVADO","Watch local --detail transcript --timestamps; cuadros C antes/después; tiempos solicitados; followup/R06: cue_0005.jpg; etiqueta=83s; SHA256-prefix=b9b0afc713847767","Mismo ángulo83–86; gestualidad cambia; zoom digital no demostrado."
"R06","Ramiro Cubría","https://www.instagram.com/p/DdwXEupTZuI/","85","Tesis final","","medio","2 líneas inferiores","","El único secreto es","VIDEO_VISUALIZADO/OBSERVADO","Watch local --detail transcript --timestamps; cuadros C antes/después; tiempos solicitados; followup/R06: cue_0007.jpg; etiqueta=85s; SHA256-prefix=4a96b7216d8fab89","No apoyo nuevo; la palabra comunicación aparece después."
"R06","Ramiro Cubría","https://www.instagram.com/p/DdwXEupTZuI/","86.44","Argumento y cierre","","","","","","SOLO_TRANSCRIPT/ASR","faster-whisper base es","ASR86.44–115.76 insiste en comunicación; responde crítica inicial; cifras propias sin prueba externa; sin CTA comercial convencional al cierre."
"R09","Tomi Buschiazzo","https://www.youtube.com/watch?v=_apNIqr5VZE","0","Entrada negra","","negro","","","","VIDEO_VISUALIZADO/OBSERVADO","Watch local --timestamps 0,0.5,1,2,3,4,5; cue_0000..0006; tiempo solicitado; referentes/R09: cue_0000.jpg; etiqueta=0s; SHA256-prefix=c86e6d1aba34ec28","B0 negro; a0.5 expositor sentado en oficina."
"R09","Tomi Buschiazzo","https://www.youtube.com/watch?v=_apNIqr5VZE","1","Hook sobre riesgo personal","","medio amplio horizontal","titular blanco superior","texto trazado","en mi cabeza","VIDEO_VISUALIZADO/OBSERVADO","Watch local --timestamps 0,0.5,1,2,3,4,5; cue_0000..0006; tiempo solicitado; referentes/R09: cue_0002.jpg; etiqueta=1s; SHA256-prefix=9cf4aac1eebc7ef2","Primer texto auxiliar ya0.5 parcialmente formado; promesa narrativa, no demo SaaS."
"R09","Tomi Buschiazzo","https://www.youtube.com/watch?v=_apNIqr5VZE","5","Destello intro","FLASH_NO_PRUEBA_CORTE","expositor","texto","destello","","VIDEO_VISUALIZADO/OBSERVADO","Watch local --timestamps 0,0.5,1,2,3,4,5; cue_0000..0006; tiempo solicitado; referentes/R09: cue_0006.jpg; etiqueta=5s; SHA256-prefix=98c4dfd69f015137","Cue5 casi blanco; detector sobrerrepresenta flashes."
"R09","Tomi Buschiazzo","https://www.youtube.com/watch?v=_apNIqr5VZE","306","Primer inserto fotográfico encontrado","","medio+inserto","subtítulo inferior","foto vertical + año","2024","VIDEO_VISUALIZADO/OBSERVADO","Watch local: cuadro A/B; tiempo de etiqueta aproximado; referentes/R09: frame_0022.jpg; etiqueta=306s; SHA256-prefix=c7fc5468d941cde6","Primer inserto de foto EN MUESTRAS; no se afirma que sea el primero del video."
"R09","Tomi Buschiazzo","https://www.youtube.com/watch?v=_apNIqr5VZE","670","Anuncia captura","","medio horizontal","blanco abajo","","me retuvo 82000 $","VIDEO_VISUALIZADO/OBSERVADO","Watch local --detail transcript --timestamps; cuadros C antes/después; tiempos solicitados; followup/R09: cue_0000.jpg; etiqueta=670s; SHA256-prefix=f39f2b4230924f9f","Afirmación del autor; texto no demuestra saldo verdadero."
"R09","Tomi Buschiazzo","https://www.youtube.com/watch?v=_apNIqr5VZE","674","Captura de cuenta superpuesta","","medio+overlay","blanco inferior","captura saldo","Saldo en USD","VIDEO_VISUALIZADO/OBSERVADO","Watch local --detail transcript --timestamps; cuadros C antes/después; tiempos solicitados; followup/R09: cue_0002.jpg; etiqueta=674s; SHA256-prefix=a36fd6ec3ebca45c","Ausente672, presente674; entrada(672,674]; no medir salida sin más cuadros."
"R09","Tomi Buschiazzo","https://www.youtube.com/watch?v=_apNIqr5VZE","1190","Introducción de conclusión","","medio","titular grande abajo","texto","¿qué te quiero decir con esto?","VIDEO_VISUALIZADO/OBSERVADO","Watch local --detail transcript --timestamps; cuadros C antes/después; tiempos solicitados; followup/R09: cue_0004.jpg; etiqueta=1190s; SHA256-prefix=e612f1be56602795","1190título;1192 ya no aparece, y cambia orientación corporal."
"R09","Tomi Buschiazzo","https://www.youtube.com/watch?v=_apNIqr5VZE","1908","Cierre a cámara","","medio horizontal","blanco inferior","","Está activo por ahí","VIDEO_VISUALIZADO/OBSERVADO","Watch local --detail transcript --timestamps; cuadros C antes/después; tiempos solicitados; followup/R09: cue_0006.jpg; etiqueta=1908s; SHA256-prefix=c93c0b25183ce236","1911 se acerca físicamente al lente: no zoom de edición."
"R09","Tomi Buschiazzo","https://www.youtube.com/watch?v=_apNIqr5VZE","1895","CTA largo","","","","","","SOLO_TRANSCRIPT/CAPTIONS","Watch captions es auto31:35–31:44","Captions31:35–31:44: seguir, like y consultar descripción. No extrapolar esta estructura a un Reel."
"T01","HillierSmith","https://www.youtube.com/watch?v=XIVSa3wo0JU","134","Gráfico de planeta y cifra","NO_DETERMINADO","según escena","según escena","gráfico global","112 MILLION","VIDEO_VISUALIZADO/OBSERVADO","Watch local: cuadro A/B; tiempo de etiqueta aproximado; followup/T01: cue_0000.jpg; etiqueta=134s; SHA256-prefix=487a34614b7d0bd7","Comparar con rostro154 y timeline158; observación de ejemplo del autor."
"T01","HillierSmith","https://www.youtube.com/watch?v=XIVSa3wo0JU","154","Rostro de hombre al aire libre","NO_DETERMINADO","según escena","según escena","rostro","","VIDEO_VISUALIZADO/OBSERVADO","Watch local: cuadro A/B; tiempo de etiqueta aproximado; followup/T01: cue_0001.jpg; etiqueta=154s; SHA256-prefix=350241189a2edaec","Ejemplo concreto en lugar de gráfico global."
"T01","HillierSmith","https://www.youtube.com/watch?v=XIVSa3wo0JU","158","Timeline con guía de ojos","NO_DETERMINADO","según escena","según escena","editor timeline","EyeGuide.png","VIDEO_VISUALIZADO/OBSERVADO","Watch local: cuadro A/B; tiempo de etiqueta aproximado; followup/T01: cue_0002.jpg; etiqueta=158s; SHA256-prefix=868e715855954dd7","Prueba visual de alineación; no se midió continuidad de matchcut."
"T01","HillierSmith","https://www.youtube.com/watch?v=XIVSa3wo0JU","272","Persona en ring","NO_DETERMINADO","según escena","según escena","escena boxeo","","VIDEO_VISUALIZADO/OBSERVADO","Watch local: cuadro A/B; tiempo de etiqueta aproximado; followup/T01: cue_0003.jpg; etiqueta=272s; SHA256-prefix=22fc5db68e341c5a","La pausa/silencio es enseñanza de captions4:18–4:54; un cuadro no demuestra silencio."
"T01","HillierSmith","https://www.youtube.com/watch?v=XIVSa3wo0JU","280","Persona escuchando en ring","NO_DETERMINADO","según escena","según escena","escena boxeo","","VIDEO_VISUALIZADO/OBSERVADO","Watch local: cuadro A/B; tiempo de etiqueta aproximado; followup/T01: cue_0004.jpg; etiqueta=280s; SHA256-prefix=eda6df72f2a46d3e","Segundo cuadro del ejemplo de pausa."
"T02","HillierSmith","https://www.youtube.com/watch?v=QR8LxximqWI","40","Título primer principio","NO_DETERMINADO","según escena","según escena","rótulo","1. THE JUMP CUT","VIDEO_VISUALIZADO/OBSERVADO","Watch local: cuadro A/B; tiempo de etiqueta aproximado; visual/T02: frame_0026.jpg; etiqueta=40s; SHA256-prefix=9681ab1b0e05879c","ASR39.56–96.28 desarrolla ajuste por fotograma; no regla universal."
"T02","HillierSmith","https://www.youtube.com/watch?v=QR8LxximqWI","111","Título segundo principio","NO_DETERMINADO","según escena","según escena","rótulo","ENSURE EACH CUT IS MOTIVATED","VIDEO_VISUALIZADO/OBSERVADO","Watch local: cuadro A/B; tiempo de etiqueta aproximado; visual/T02: frame_0045.jpg; etiqueta=111s; SHA256-prefix=516b32fbd26df38a","Motivación editorial explícita."
"T02","HillierSmith","https://www.youtube.com/watch?v=QR8LxximqWI","129","Plantea salir de ciudad","NO_DETERMINADO","según escena","según escena","ejemplo narrativo","MOTIVATION SET UP","VIDEO_VISUALIZADO/OBSERVADO","Watch local: cuadro A/B; tiempo de etiqueta aproximado; visual/T02: frame_0052.jpg; etiqueta=129s; SHA256-prefix=ada6c0ec31ac00f9","Cuadro129–130."
"T02","HillierSmith","https://www.youtube.com/watch?v=QR8LxximqWI","131","Moto y salida","NO_DETERMINADO","según escena","según escena","ejemplo narrativo","MOTIVATION PAY OFF","VIDEO_VISUALIZADO/OBSERVADO","Watch local: cuadro A/B; tiempo de etiqueta aproximado; visual/T02: frame_0054.jpg; etiqueta=131s; SHA256-prefix=30666cc84223908f","Cambio de plano añade consecuencia a planteamiento."
"T02","HillierSmith","https://www.youtube.com/watch?v=QR8LxximqWI","199","Montaje de timeline","NO_DETERMINADO","según escena","según escena","editor timeline","","VIDEO_VISUALIZADO/OBSERVADO","Watch local: cuadro A/B; tiempo de etiqueta aproximado; visual/T02: frame_0079.jpg; etiqueta=199s; SHA256-prefix=b3c3fc92a9fc831c","ASR179–203: termina montaje antes de animación de6s."
"T03","Tim Runia","https://www.youtube.com/watch?v=dhpazqW_OaU","145","Lanzamiento de papel","NO_DETERMINADO","según escena","según escena","acción","","VIDEO_VISUALIZADO/OBSERVADO","Watch local: cuadro A/B; tiempo de etiqueta aproximado; visual/T03: frame_0048.jpg; etiqueta=145s; SHA256-prefix=ea36b611218daa2d","Relacionar captions2:22; el audio blueprint procede del transcript."
"T03","Tim Runia","https://www.youtube.com/watch?v=dhpazqW_OaU","266","Etiqueta de pausa","NO_DETERMINADO","según escena","según escena","título","PAUSE","VIDEO_VISUALIZADO/OBSERVADO","Watch local: cuadro A/B; tiempo de etiqueta aproximado; visual/T03: frame_0077.jpg; etiqueta=266s; SHA256-prefix=dba006f234e564ad","Contraste con muestras267–272 de energía."
"T03","Tim Runia","https://www.youtube.com/watch?v=dhpazqW_OaU","267","Montaje indicado como energía alta","NO_DETERMINADO","según escena","según escena","título","FULL ENERGY","VIDEO_VISUALIZADO/OBSERVADO","Watch local: cuadro A/B; tiempo de etiqueta aproximado; visual/T03: frame_0079.jpg; etiqueta=267s; SHA256-prefix=4367428d0043ed69","El autor etiqueta el pasaje; fotogramas solos no miden tempo musical."
"T03","Tim Runia","https://www.youtube.com/watch?v=dhpazqW_OaU","283","Pasaje etiquetado release","NO_DETERMINADO","según escena","según escena","título","","VIDEO_VISUALIZADO/OBSERVADO","Watch local: cuadro A/B; tiempo de etiqueta aproximado; visual/T03: frame_0096.jpg; etiqueta=283s; SHA256-prefix=d9a103be2cc1be3a","Captions distinguen descenso de tensión; no afirmar haber escuchado música."
"T03","Tim Runia","https://www.youtube.com/watch?v=dhpazqW_OaU","428","Ensamblaje en timeline","NO_DETERMINADO","según escena","según escena","editor timeline","","VIDEO_VISUALIZADO/OBSERVADO","Watch local: cuadro A/B; tiempo de etiqueta aproximado; visual/T03: frame_0119.jpg; etiqueta=428s; SHA256-prefix=228835426d134841","Captions6:24–7:32 respaldan assembly primero."
"T05","Think Media","https://www.youtube.com/watch?v=ReYsGTwHHcw","226","Previsualización vertical","NO_DETERMINADO","según escena","según escena","editor + video","","VIDEO_VISUALIZADO/OBSERVADO","Watch local: cuadro A/B; tiempo de etiqueta aproximado; visual/T05: frame_0031.jpg; etiqueta=226s; SHA256-prefix=e4e36f52ae327442","Reencuadre vertical observado, no prueba de safezone universal."
"T05","Think Media","https://www.youtube.com/watch?v=ReYsGTwHHcw","539","Ajuste de escala de sujeto","NO_DETERMINADO","según escena","según escena","editor + video","","VIDEO_VISUALIZADO/OBSERVADO","Watch local: cuadro A/B; tiempo de etiqueta aproximado; visual/T05: frame_0069.jpg; etiqueta=539s; SHA256-prefix=a758a2473e2f0c81","Pantalla de transformación; comparada con captions de composición."
"T05","Think Media","https://www.youtube.com/watch?v=ReYsGTwHHcw","581","Inserto de apoyo","NO_DETERMINADO","según escena","según escena","B-roll","","VIDEO_VISUALIZADO/OBSERVADO","Watch local: cuadro A/B; tiempo de etiqueta aproximado; visual/T05: frame_0071.jpg; etiqueta=581s; SHA256-prefix=401db015d774e9ce","Ejemplo visual durante explicación de luz en captions8:42–10:09."
"T05","Think Media","https://www.youtube.com/watch?v=ReYsGTwHHcw","752","Dos personas apiladas","NO_DETERMINADO","según escena","según escena","split screen","","VIDEO_VISUALIZADO/OBSERVADO","Watch local: cuadro A/B; tiempo de etiqueta aproximado; visual/T05: frame_0085.jpg; etiqueta=752s; SHA256-prefix=467f165922f53957","Composición visible; no prescribe usarla para monólogo."
"T05","Think Media","https://www.youtube.com/watch?v=ReYsGTwHHcw","990","Pista de subtítulos y previsualización","NO_DETERMINADO","según escena","según escena","editor","","VIDEO_VISUALIZADO/OBSERVADO","Watch local: cuadro A/B; tiempo de etiqueta aproximado; visual/T05: frame_0104.jpg; etiqueta=990s; SHA256-prefix=f9bdcea9008223ff","Evidencia de subtitulado; captions17:29–17:36 recomiendan ajustar palabras."
"T06","Ben Marriott","https://www.youtube.com/watch?v=HH0VBOyht0E","72","Título sobre agua oscura","NO_DETERMINADO","según escena","según escena","texto sobre fondo","","VIDEO_VISUALIZADO/OBSERVADO","Watch local: cuadro A/B; tiempo de etiqueta aproximado; visual/T06: frame_0073.jpg; etiqueta=72s; SHA256-prefix=538b11f5a01e0683","Contraste visible frente a flores claras75."
"T06","Ben Marriott","https://www.youtube.com/watch?v=HH0VBOyht0E","75","Texto blanco sobre flores claras","NO_DETERMINADO","según escena","según escena","texto sobre fondo","","VIDEO_VISUALIZADO/OBSERVADO","Watch local: cuadro A/B; tiempo de etiqueta aproximado; visual/T06: frame_0074.jpg; etiqueta=75s; SHA256-prefix=04387cc7e44a6997","Demostración de baja legibilidad."
"T06","Ben Marriott","https://www.youtube.com/watch?v=HH0VBOyht0E","116","Pantalla de puntos","NO_DETERMINADO","según escena","según escena","lista","","VIDEO_VISUALIZADO/OBSERVADO","Watch local: cuadro A/B; tiempo de etiqueta aproximado; visual/T06: frame_0088.jpg; etiqueta=116s; SHA256-prefix=20b70d096deeac5d","Captions1:43–2:03 recomiendan texto breve."
"T06","Ben Marriott","https://www.youtube.com/watch?v=HH0VBOyht0E","277","Imagen en marco","NO_DETERMINADO","según escena","según escena","foto en marco","Exhibit A","VIDEO_VISUALIZADO/OBSERVADO","Watch local: cuadro A/B; tiempo de etiqueta aproximado; visual/T06: frame_0133.jpg; etiqueta=277s; SHA256-prefix=cf907b1308020db1","Comparación con imagen ampliada282; captions4:36 explican baja resolución."
"T07","Ben Marriott","https://www.youtube.com/watch?v=UVDpgP7sRbw","336","Contorno de taza sin relleno","NO_DETERMINADO","según escena","según escena","máscara","","VIDEO_VISUALIZADO/OBSERVADO","Watch local --detail transcript --timestamps; cuadros C antes/después; tiempos solicitados; followup/T07: cue_0000.jpg; etiqueta=336s; SHA256-prefix=b7bfb0268eda3b35","C336→338 taza con líquido negro; alpha matte enseñada en captions5:36."
"T07","Ben Marriott","https://www.youtube.com/watch?v=UVDpgP7sRbw","385","Taza y curva de velocidad","NO_DETERMINADO","según escena","según escena","editor graph","","VIDEO_VISUALIZADO/OBSERVADO","Watch local --detail transcript --timestamps; cuadros C antes/después; tiempos solicitados; followup/T07: cue_0003.jpg; etiqueta=385s; SHA256-prefix=0ccb22384a4cc453","C380/385/390 examinados; curva sube suavemente y cae al final, no medir easing numérico."
"T07","Ben Marriott","https://www.youtube.com/watch?v=UVDpgP7sRbw","400","Círculo y detalles de transición","NO_DETERMINADO","según escena","según escena","editor","","VIDEO_VISUALIZADO/OBSERVADO","Watch local --detail transcript --timestamps; cuadros C antes/después; tiempos solicitados; followup/T07: cue_0005.jpg; etiqueta=400s; SHA256-prefix=19d45ee4d3cb7708","C400/405 complementa eliminación de detalles; función temporal explicada por autor6:40."
"T08","Motion Mirror","https://www.youtube.com/watch?v=hu06BPmKf2s","105","Tarjeta aislada de dashboard","NO_DETERMINADO","según escena","según escena","tarjeta UI","","VIDEO_VISUALIZADO/OBSERVADO","Watch local: cuadro A/B; tiempo de etiqueta aproximado; visual/T08: frame_0021.jpg; etiqueta=105s; SHA256-prefix=3428ff1551fb4013","Comparar107 UI completa; no reutilizar diseño."
"T08","Motion Mirror","https://www.youtube.com/watch?v=hu06BPmKf2s","155","Tres componentes separados","NO_DETERMINADO","según escena","según escena","capas UI","","VIDEO_VISUALIZADO/OBSERVADO","Watch local: cuadro A/B; tiempo de etiqueta aproximado; visual/T08: frame_0027.jpg; etiqueta=155s; SHA256-prefix=cdf2d3481bd628fb","Resultado compatible con separación mediante máscaras; captions1:00–1:59."
"T08","Motion Mirror","https://www.youtube.com/watch?v=hu06BPmKf2s","476","Panel en perspectiva","NO_DETERMINADO","según escena","según escena","UI inclinada","","VIDEO_VISUALIZADO/OBSERVADO","Watch local: cuadro A/B; tiempo de etiqueta aproximado; visual/T08: frame_0030.jpg; etiqueta=476s; SHA256-prefix=aaee492cc724a29f","Rotación no equivale a zoom digital."
"T09","TomsProject","https://www.youtube.com/watch?v=Jccbzpicst8","329","Tarjeta con jerarquía de texto","NO_DETERMINADO","según escena","según escena","UI texto","","VIDEO_VISUALIZADO/OBSERVADO","Watch local: cuadro A/B; tiempo de etiqueta aproximado; visual/T09: frame_0034.jpg; etiqueta=329s; SHA256-prefix=74c5dff4f6647c19","Captions5:24–5:28 reduce subtítulo para jerarquía."
"T09","TomsProject","https://www.youtube.com/watch?v=Jccbzpicst8","859","Botón con cursor","NO_DETERMINADO","según escena","según escena","UI botón","","VIDEO_VISUALIZADO/OBSERVADO","Watch local: cuadro A/B; tiempo de etiqueta aproximado; visual/T09: frame_0057.jpg; etiqueta=859s; SHA256-prefix=5d24094d66f3289b","Cursor dirige interacción; no prueba de sistema B2B funcionando."
"T09","TomsProject","https://www.youtube.com/watch?v=Jccbzpicst8","1965","Editor de curva","NO_DETERMINADO","según escena","según escena","graph editor","","VIDEO_VISUALIZADO/OBSERVADO","Watch local: cuadro A/B; tiempo de etiqueta aproximado; visual/T09: frame_0134.jpg; etiqueta=1965s; SHA256-prefix=87b96d7212a463d9","Curva visible; no inferir valor de easing de captura reducida."
"T01","HillierSmith","https://www.youtube.com/watch?v=XIVSa3wo0JU","67","PRINCIPIO_EN_TRANSCRIPT","","","","","","SOLO_TRANSCRIPT/CAPTIONS","Watch captions en; timecode de segmento","El autor pide que efectos sirvan historia;3:27–5:39 conserva pausas;6:49–7:29 cuestiona fórmulas."
"T02","HillierSmith","https://www.youtube.com/watch?v=QR8LxximqWI","82.26","PRINCIPIO_EN_TRANSCRIPT","","","","","","SOLO_TRANSCRIPT/ASR","faster-whisper base en","Propone solapar sílabas con J-cut y ajustar1frame si suena mal; para DentFlow no automatizar ese solapamiento."
"T02","HillierSmith","https://www.youtube.com/watch?v=QR8LxximqWI","179","PRINCIPIO_EN_TRANSCRIPT","","","","","","SOLO_TRANSCRIPT/ASR","faster-whisper base en","Priorizar montaje completo antes de pulir un efecto; ejemplo animación de6s al final."
"T03","Tim Runia","https://www.youtube.com/watch?v=dhpazqW_OaU","83","PRINCIPIO_EN_TRANSCRIPT","","","","","","SOLO_TRANSCRIPT/CAPTIONS","Watch captions en; timecode de segmento","Audio como estructura previa al pulido; no significa música obligatoria."
"T04","Think Media","https://www.youtube.com/watch?v=LcGsaIV8QBY","87","PRINCIPIO_EN_TRANSCRIPT","","","","","","SOLO_TRANSCRIPT/CAPTIONS","Watch captions en; timecode de segmento","A-roll narración principal y B-roll apoyo de historia (1:27–1:42). Sin prueba visual."
"T04","Think Media","https://www.youtube.com/watch?v=LcGsaIV8QBY","306","PRINCIPIO_EN_TRANSCRIPT","","","","","","SOLO_TRANSCRIPT/CAPTIONS","Watch captions en; timecode de segmento","Seleccionar sólo sección útil de B-roll mediante entrada/salida (5:06–5:10). Sin prueba visual."
"T04","Think Media","https://www.youtube.com/watch?v=LcGsaIV8QBY","688","PRINCIPIO_EN_TRANSCRIPT","","","","","","SOLO_TRANSCRIPT/CAPTIONS","Watch captions en; timecode de segmento","Mostrar resultado final al presentarlo (11:28–11:41). Sin prueba visual."
"T05","Think Media","https://www.youtube.com/watch?v=ReYsGTwHHcw","522","PRINCIPIO_EN_TRANSCRIPT","","","","","","SOLO_TRANSCRIPT/CAPTIONS","Watch captions en; timecode de segmento","Elegir B-roll al escuchar referencia concreta a falta de luz (8:42–8:51)."
"T05","Think Media","https://www.youtube.com/watch?v=ReYsGTwHHcw","1049","PRINCIPIO_EN_TRANSCRIPT","","","","","","SOLO_TRANSCRIPT/CAPTIONS","Watch captions en; timecode de segmento","Ajustar subtítulos según cantidad de palabras (17:29–17:36); no copiar prolongación automática en toda pausa."
"T06","Ben Marriott","https://www.youtube.com/watch?v=HH0VBOyht0E","103","PRINCIPIO_EN_TRANSCRIPT","","","","","","SOLO_TRANSCRIPT/CAPTIONS","Watch captions en; timecode de segmento","Puntos breves en pantalla; evidencia verbal más ejemplos visuales116."
"T07","Ben Marriott","https://www.youtube.com/watch?v=UVDpgP7sRbw","380","PRINCIPIO_EN_TRANSCRIPT","","","","","","SOLO_TRANSCRIPT/CAPTIONS","Watch captions en; timecode de segmento","Easing de escala acelera/desacelera con objetivo de transición; no curva universal."
"T08","Motion Mirror","https://www.youtube.com/watch?v=hu06BPmKf2s","223","PRINCIPIO_EN_TRANSCRIPT","","","","","","SOLO_TRANSCRIPT/CAPTIONS","Watch captions en; timecode de segmento","Easy ease y ajustar gráfica (3:43–3:48). Movimiento continuo no observado en esta secuencia."
"T08","Motion Mirror","https://www.youtube.com/watch?v=hu06BPmKf2s","308","PRINCIPIO_EN_TRANSCRIPT","","","","","","SOLO_TRANSCRIPT/CAPTIONS","Watch captions en; timecode de segmento","Añade sombra (5:08); función de separar UI es interpretación para DentFlow."
"T09","TomsProject","https://www.youtube.com/watch?v=Jccbzpicst8","671","PRINCIPIO_EN_TRANSCRIPT","","","","","","SOLO_TRANSCRIPT/CAPTIONS","Watch captions en; timecode de segmento","Suavizar keyframes y ajustar gráfica (11:11–11:31); transferencia hipotética a Python/Remotion."
"T10","Ben Marriott","https://www.youtube.com/watch?v=jFbRZZmMW7c","601","PRINCIPIO_EN_TRANSCRIPT","","","","","","SOLO_TRANSCRIPT/CAPTIONS","Watch captions en; timecode de segmento","Keyframe fija un valor en un tiempo; otro estado produce animación (10:01–10:18). Sin imágenes."
"T10","Ben Marriott","https://www.youtube.com/watch?v=jFbRZZmMW7c","1219","PRINCIPIO_EN_TRANSCRIPT","","","","","","SOLO_TRANSCRIPT/CAPTIONS","Watch captions en; timecode de segmento","Máscara oculta y revela regiones de una capa (20:19–20:33). Sin imágenes."
"T10","Ben Marriott","https://www.youtube.com/watch?v=jFbRZZmMW7c","1398","PRINCIPIO_EN_TRANSCRIPT","","","","","","SOLO_TRANSCRIPT/CAPTIONS","Watch captions en; timecode de segmento","Easing cambia velocidad mediante aceleración/desaceleración (23:18–23:27). Sin imágenes."

